Date,Symbol,Adj Close,Close,High,Low,Open,Volume,ema15,ema50,macd,macd_signal,bb_bbm,bb_bbh,bb_bbl,rsi,stoch_k,stoch_d,atr_14,obv,vwap,roc_10,Target,Clopen,HighLow,log_price,Log5,Log15,Log30,Pct_Change
2024-04-01,SOLV,69.0999984741211,69.0999984741211,72.4000015258789,65.0,69.1500015258789,14094900.0,,,,,,,,,,,0.0,14094900.0,,,0,0.9992768900845346,1.113846177321214,4.23555470869144,,,,-0.031837872602357827
2024-04-02,SOLV,66.9000015258789,66.9000015258789,68.58999633789062,64.46499633789062,67.66999816894531,9446900.0,,,,,,,,,,,0.0,4648000.0,,,0,0.9886212994842407,1.0639882142919699,4.203198989942537,,,,-0.04499255706393535
2024-04-03,SOLV,63.88999938964844,63.88999938964844,67.7699966430664,63.86000061035156,65.52999877929688,5177200.0,,,,,,,,,,,0.0,-529200.0,,,1,0.9749733035220722,1.0612276228522466,4.157162845061089,,,,0.04867742432402417
2024-04-04,SOLV,67.0,67.0,68.16500091552734,62.33000183105469,63.04999923706055,5239700.0,,,,,,,,,,,0.0,4710500.0,,,1,1.0626487043733008,1.093614614360006,4.204692619390966,,,,0.045671605352145525
2024-04-05,SOLV,70.05999755859375,70.05999755859375,70.1500015258789,65.17500305175781,65.97000122070312,4216300.0,,,,,,,,,,,0.0,8926800.0,,,0,1.0619978211643124,1.0763329227644265,4.2493519829219775,,,,-0.043534049795141055
2024-04-08,SOLV,67.01000213623047,67.01000213623047,71.65499877929688,66.25,70.05999755859375,4467600.0,,,,,,,,,,,0.0,4459200.0,,,0,0.9564659502048589,1.0815848872346698,4.204841893864358,-0.030712814827082546,,,-0.022235568507144657
2024-04-09,SOLV,65.5199966430664,65.5199966430664,68.0,65.01000213623047,65.4800033569336,2894600.0,,,,,,,,,,,0.0,1564600.0,,,0,1.0006107709847663,1.0459928897941566,4.1823553883095625,-0.020843601632974718,,,-0.02487785923277305
2024-04-10,SOLV,63.88999938964844,63.88999938964844,64.93000030517578,63.59000015258789,64.68000030517578,2114800.0,,,,,,,,,,,0.0,-550200.0,,,0,0.9877860094032169,1.021072498024414,4.157162845061089,0.0,,,-0.01126938844234487
2024-04-11,SOLV,63.16999816894531,63.16999816894531,64.30000305175781,62.29999923706055,63.56999969482422,2396500.0,,,,,,,,,,,0.0,-2946700.0,,,0,0.9937076997357376,1.0321027903561757,4.145829475924465,-0.05886314346650057,,,-0.006648696867491532
2024-04-12,SOLV,62.75,62.75,63.25,61.869998931884766,62.5,1794900.0,,,,,,,,,,,0.0,-4741600.0,,,0,1.004,1.022304850362686,4.139158578011894,-0.11019340491008389,,,-0.01689245216400025
2024-04-15,SOLV,61.689998626708984,61.689998626708984,63.790000915527344,61.560001373291016,62.099998474121094,2043100.0,,,,,,,,,,,0.0,-6784700.0,,-10.723589017425605,1,0.9933977478665644,1.0362248130683742,4.122121820960386,-0.08272007290397188,,,0.004214656216865266
2024-04-16,SOLV,61.95000076293945,61.95000076293945,62.9900016784668,61.65800094604492,62.0,1583200.0,,,,,,,,,,,0.0,-5201500.0,,-7.399104110669782,0,0.9991935606925718,1.0216030476496873,4.126327620390558,-0.05602776791900421,,,-0.0032284222837185212
2024-04-17,SOLV,61.75,61.75,62.66999816894531,61.5,61.81999969482422,1849700.0,,,,,,,,,,,0.0,-7051200.0,,-3.349506041778369,1,0.9988676852932744,1.0190243604706555,4.123093975508087,-0.03406886955300248,,,0.03692305715460526
2024-04-18,SOLV,64.02999877929688,64.02999877929688,64.11000061035156,61.380001068115234,61.84000015258789,2070500.0,,,,,,,,41.92495558633961,24.047165164269096,,3.422999518258231,-4980700.0,66.3158856727646,-4.432837642840485,0,1.0354139492449101,1.0444770201161575,4.159351704466161,0.013522228541695824,,,-0.028580322524527736
2024-04-19,SOLV,62.20000076293945,62.20000076293945,64.05999755859375,61.987998962402344,63.58000183105469,1468600.0,64.40151564537037,,,,,,,36.498200109023294,7.980534087436965,,3.326499452396315,-6449300.0,65.44510127793095,-11.218950998507662,0,0.9782950451655823,1.0334258022661473,4.130355012011042,-0.008803566000851859,,,-0.0020900493009751333
2024-04-22,SOLV,62.06999969482422,62.06999969482422,62.7599983215332,61.82500076293945,62.25,1380400.0,64.1100761515521,,,,,,,36.14031750336379,6.715316597667966,12.914338616458009,3.155677888553275,-7829700.0,65.0354448606677,-7.372037433103327,1,0.9971084288325176,1.0151232923098357,4.128262775508922,0.00614095454853647,-0.10729193318251795,,0.023038509943718005
2024-04-23,SOLV,63.5,63.5,64.19000244140625,61.85100173950195,62.029998779296875,1505800.0,64.03381663260808,,,,,,,42.786078950515964,20.632597607079784,11.776149430728239,3.0973438037926333,-6323900.0,64.93530995267626,-3.0830231174625227,1,1.0236982306888864,1.0378166987780646,4.151039905898646,0.02471228550808746,-0.05215908404389147,,0.0006299356775959646
2024-04-24,SOLV,63.540000915527344,63.540000915527344,64.17500305175781,62.779998779296875,62.849998474121094,1055100.0,63.97208966797299,,,,,,,42.964883600943196,21.0219010079342,16.123271737560653,2.9757481229832266,-5268800.0,64.73386453936482,-0.5478141766546973,0,1.010978559397903,1.022220520859917,4.151669643250047,0.02857566774196041,-0.00549320181104207,,-0.026912166506670318
2024-04-25,SOLV,61.83000183105469,61.83000183105469,63.06700134277344,60.720001220703125,62.75,2938500.0,63.7043286883582,,,,,,,37.56079453785313,10.150899480349857,17.26846603178795,2.964623235257583,-8207300.0,63.91778039936176,-2.1212543560740102,1,0.9853386745984811,1.0386528339078833,4.124388713184818,-0.03496299128134339,-0.08030390620614813,,0.04205075848494024
2024-04-26,SOLV,64.43000030517578,64.43000030517578,64.69000244140625,61.31999969482422,61.459999084472656,1641200.0,63.7950376404604,,,,64.31399974822997,69.18719266191171,59.44080683454823,48.22423363331325,50.961534430792575,27.37811163969221,2.993578914637901,-6566100.0,63.15782589801585,2.677291322989293,1,1.0483241338259874,1.0549576445426252,4.165579367887099,0.03522435587605699,-0.08377261503487876,,0.02297071783211993
2024-04-29,SOLV,65.91000366210938,65.91000366210938,66.66999816894531,63.040000915527344,63.4900016784668,2163600.0,64.05940839316652,,,,64.1545000076294,68.57881209457904,59.730187920679754,53.131046261719646,87.22697652709783,49.44647014608009,3.039037367407906,-4402500.0,62.99226879584931,6.8406632020466915,0,1.0381162690134775,1.0575824429044998,4.188290230626899,0.06002745511797691,-0.01655166323745849,,-0.013655006461428905
2024-04-30,SOLV,65.01000213623047,65.01000213623047,65.86000061035156,63.75,65.20999908447266,2132500.0,64.17823261104951,,,,64.06000003814697,68.32352411182899,59.796475964464946,50.02622974291766,72.10089270373058,70.096467887207,2.9762492456008682,-6535000.0,63.05341327889187,4.939469468290322,1,0.9969330324942481,1.0330980487898285,4.174541137076406,0.02350123117776004,-0.00781425123315671,,0.002153505384526283
2024-05-01,SOLV,65.1500015258789,65.1500015258789,66.8499984741211,64.28500366210938,64.94999694824219,1612400.0,64.29970372540319,,,,64.1230001449585,68.41177643634823,59.834223853568766,50.51069927462456,72.267574063034,77.19848109795414,2.9468739289159287,-4922600.0,63.18583372916085,5.506075345552885,0,1.0030793623869774,1.0399003603623276,4.176692326991866,0.025022683741818597,0.019529481930776527,,-0.0001535247274936087
2024-05-02,SOLV,65.13999938964844,65.13999938964844,66.2300033569336,64.69999694824219,65.0,1697500.0,64.40474068343384,,,,64.03000011444092,68.14223039914529,59.91776982973656,50.47305185409705,72.10440700411091,72.15762459029183,2.8456691060427484,-6620100.0,63.37255724622035,1.7335633789055518,0,1.002153836763822,1.0236477044954941,4.1765387904782445,0.05215007729342691,0.030709314553779343,,-0.007522227024266722
2024-05-03,SOLV,64.6500015258789,64.6500015258789,65.55999755859375,63.79999923706055,65.43000030517578,1725000.0,64.43539828873948,,,,63.75950031280517,66.82910352143637,60.68989710417397,48.56343031428586,64.11096355686765,69.49431487467085,2.7681211928634952,-8345100.0,63.54714974560534,3.9389079306880554,1,0.9880788816191527,1.0275861809181785,4.168988128820015,0.0034087609329160884,0.02982955080812122,,0.0006187303106455718
2024-05-06,SOLV,64.69000244140625,64.69000244140625,65.11000061035156,64.30000305175781,64.69999694824219,1200300.0,64.46722380782282,,-0.47477310267241535,,63.643500328063965,66.36905610515734,60.91794455097059,48.73395137003991,64.76350733256085,66.99295929784647,2.628255218987085,-7144800.0,63.69107247243043,4.221045206160205,1,0.9998455253893762,1.012597162055214,4.169606667795981,-0.0186835628309181,0.047484846835595285,,0.013448679615919145
2024-05-07,SOLV,65.55999755859375,65.55999755859375,65.8949966430664,64.45999908447266,64.79000091552734,2270200.0,64.60382052666918,,-0.3508659012707085,,63.645500373840335,66.37661423748585,60.91438651019481,52.42789253166842,78.95592995889086,69.27680028277312,2.5430225289589896,-4874600.0,63.96624528540452,3.2440906434547245,1,1.011884498104427,1.0222618302664452,4.182965716636363,0.008424579559957124,0.056638096245804626,,0.01327032914857071
2024-05-08,SOLV,66.43000030517578,66.43000030517578,66.96499633789062,65.1500015258789,65.2300033569336,1910600.0,64.8320929989825,,-0.1803872092625909,,63.7725004196167,66.76134616830684,60.783654670926545,55.8535534441394,91.43320334642976,78.38421354596049,2.4910205491770414,-2964000.0,64.20406320100271,4.548314995290164,0,1.0183963956229758,1.0278587071297423,4.1961487662710955,0.019456439279229798,0.0730547907630088,,-0.02408548045718483
2024-05-09,SOLV,64.83000183105469,64.83000183105469,67.5,63.48899841308594,65.5199966430664,3088600.0,64.83183160299153,,-0.1724007936959282,,63.85550060272217,66.864936237938,60.84606496750634,48.882070035977506,60.61948894300234,77.00287408277433,2.5995906233011143,-6052600.0,64.41065837008362,4.85201344194886,0,0.9894689431110535,1.063176324830592,4.171768487430845,-0.004770303047399338,0.012416782964684181,,-0.016813205642480206
2024-05-10,SOLV,63.7400016784668,63.7400016784668,64.80999755859375,63.029998779296875,63.79999923706055,1916200.0,64.69535286242593,,-0.2511305282168621,,63.90500068664551,66.87234689041922,60.9376544828718,44.78132296844507,44.542787632726736,65.53182664071961,2.542477225333736,-7968800.0,64.48404990714566,-1.0709275546186137,0,0.9990595993838367,1.028240501567034,4.1548123353222115,-0.01417579349780329,0.024457323311169787,,-0.0094132769535376
2024-05-13,SOLV,63.13999938964844,63.13999938964844,64.43499755859375,63.117000579833984,64.0,1510900.0,64.50093367832875,,-0.3578149127390873,,63.97750072479248,66.79173544185177,61.16326600773318,42.65982092766358,35.69319475889758,46.95182377820888,2.4550143505784523,-9479700.0,64.505381783757,-4.202706901157964,1,0.9865624904632568,1.020881806274883,4.145354473463207,-0.02425219433277448,0.017091697954284335,-0.09020023522823362,0.031042114403219183
2024-05-14,SOLV,65.0999984741211,65.0999984741211,65.4010009765625,63.459999084472656,63.61000061035156,1627500.0,64.5758167778028,,-0.28096867834427997,,64.13500061035157,66.82768351171298,61.44231770899016,50.85103951901474,64.60174103264661,48.27924114142365,2.441156296030996,-7852200.0,64.5529075248296,0.13843460226633264,0,1.023423956130682,1.030586226285729,4.175924525775523,-0.007041190860840096,0.024884619876877068,-0.0272744641670144,-0.040860213667585986
2024-05-15,SOLV,62.439998626708984,62.439998626708984,65.18000030517578,62.22999954223633,64.83000183105469,2812500.0,64.30883950891607,,-0.4297533124057935,,64.16950054168701,66.7546003441841,61.584400739189924,42.06788412666004,18.122959167926915,39.47263165315704,2.4775023293816,-10664700.0,64.71059122299408,-4.1596359719093075,0,0.9631343029948697,1.0474048012958324,4.134206073653461,-0.06194269261763452,-0.017463569596586126,-0.022956771407628196,-0.01409348611102541
2024-05-16,SOLV,61.560001373291016,61.560001373291016,62.029998779296875,60.56999969482422,62.0,2653900.0,63.96523474196293,,-0.6116242075995046,-0.39938825707843284,64.04600067138672,66.87084352553696,61.22115781723649,39.62922711981398,14.285737876914641,32.33681269249606,2.4341092295603977,-13318600.0,64.47043196223446,-5.495852087659565,1,0.9929032479563067,1.0241043270897923,4.12001233127885,-0.05175615615199547,-0.0043763819059678966,-0.08468028811211603,0.013320332627217765
2024-05-17,SOLV,62.380001068115234,62.380001068115234,62.41999816894531,61.0,61.79999923706055,1711100.0,63.76708053273197,,-0.6817324921943637,-0.45585710410161906,64.05500068664551,66.85731775520996,61.25268361808106,42.94807547618191,26.118344784764112,19.50901394320189,2.3616727252307492,-11607500.0,64.25750337847846,-3.511214855664014,0,1.0093851430131875,1.0232786585073002,4.133244728302376,-0.0215676070198354,-0.0323346395847226,-0.11610725461960136,-0.005610809279021618
2024-05-20,SOLV,62.029998779296875,62.029998779296875,62.81999969482422,61.849998474121094,62.459999084472656,1459000.0,63.549945313552584,,-0.7568120146494195,-0.5160480862111791,64.05300064086914,66.86103299635974,61.24496828537855,41.88953352424114,21.067806928987185,20.490629863555313,2.2622676177644903,-13066500.0,64.10062104372965,-4.111923885794726,0,0.9931155889932973,1.0156831244079818,4.127618119305788,-0.017736354157418255,-0.06067211132111083,-0.07722377455856932,-0.013058158544799048
2024-05-21,SOLV,61.220001220703125,61.220001220703125,62.25,61.13999938964844,61.79999923706055,1319700.0,63.2587023019464,,-0.8716255538436286,-0.5871635797376691,63.9390007019043,67.00120202877977,60.87679937502882,39.4652851089456,9.37953098491846,18.855227566223252,2.17996283152071,-14386200.0,63.89527384873523,-6.619884837566972,1,0.9906149187133063,1.018155064138576,4.11447395345688,-0.061450572318642926,-0.0600671836195259,-0.06788143485268261,0.010944105775658419
2024-05-22,SOLV,61.88999938964844,61.88999938964844,62.2400016784668,60.91999816894531,61.06999969482422,1403700.0,63.08761443790915,,-0.8981989792925305,-0.6493706596486414,63.85650062561035,67.04361421404478,60.66938703717592,42.43298445104572,19.04761380513008,16.498317239678574,2.1185371656636223,-12982500.0,63.685360909067406,-6.834262975569515,0,1.0134272097416388,1.021667819257985,4.125358605889393,-0.008847467764067751,-0.051333721102472474,-0.03180423917169595,-0.03166907584103936
2024-05-23,SOLV,59.93000030517578,59.93000030517578,61.599998474121094,59.8849983215332,61.279998779296875,1733100.0,62.69291267131748,,-1.0651359321315965,-0.7325237141452324,63.76150054931641,67.28055361058267,60.24244748805015,36.756080694263076,0.5909648551993335,9.672703215082626,2.110427444410166,-14715600.0,63.412299530449154,-7.55823135505716,1,0.9779699983516125,1.028638226611943,4.093177219562298,-0.02683511171655173,-0.08336157091594654,-0.052652256362167194,0.008676797181974363
2024-05-24,SOLV,60.45000076293945,60.45000076293945,60.779998779296875,59.060001373291016,59.810001373291016,1269400.0,62.41254868277023,,-1.1423071728291276,-0.8144804058820115,63.56250057220459,67.3478880380743,59.77711310633488,39.084536746727096,16.469189760880816,12.035922807070078,2.0825395845241443,-13446200.0,63.19666560134993,-5.161595275951806,0,1.010700541296664,1.0291228812396152,4.1018165896818015,-0.031428138620574586,-0.06717153913821328,-0.03734198833009206,-0.009760134741794851
2024-05-28,SOLV,59.86000061035156,59.86000061035156,60.25,59.34000015258789,60.20000076293945,1705100.0,62.09348017371789,,-1.2368167647748933,-0.8989476776605879,63.2600004196167,67.21002319671338,59.30997764252003,37.4019532163938,9.478665488509579,8.846273368196577,2.0130725149403887,-15151300.0,62.792797056480126,-5.194803311693756,0,0.9943521570053334,1.0153353529671743,4.09200851262087,-0.035609606684918305,-0.07759815517511104,-0.030113308339515754,-0.002338780291028388
2024-05-29,SOLV,59.720001220703125,59.720001220703125,60.119998931884766,59.22999954223633,59.22999954223633,1050300.0,61.79679530459104,,-1.3079360059035068,-0.9807453433091717,62.99550037384033,67.14479627878025,58.84620446890041,36.99497320130322,7.819904677750684,11.255919975713693,1.9328530059909637,-16201600.0,62.40747418856722,-8.264204884054882,0,1.0082728631141957,1.0150261589823883,4.089666993111431,-0.02480696034544927,-0.09329872352493229,-0.03666062727912767,-0.022940434001650564
2024-05-30,SOLV,58.349998474121094,58.349998474121094,59.15999984741211,56.720001220703125,59.11000061035156,3253600.0,61.3659457007823,,-1.4580389238267344,-1.0762040594126843,62.65550022125244,67.14348625386705,58.16751418863782,33.18910046796876,18.776607525161797,12.02505923047402,2.009077791277323,-19455200.0,61.50520174609661,-6.550288665186445,1,0.9871425794555418,1.043018310546481,4.066459332582112,-0.058899273307281064,-0.12968943368898334,-0.05663464292597453,0.016966610186046092
2024-05-31,SOLV,59.34000015258789,59.34000015258789,59.400001525878906,57.189998626708984,58.060001373291016,5801400.0,61.112702507258,,-1.4800506039877348,-1.1569733683276944,62.36550025939941,66.92286568637098,57.80813483242785,38.141441210178805,30.18084328497253,18.925785162628337,2.0234295846982233,-13653800.0,60.78482503116283,-3.6062397192640656,0,1.0220461375993992,1.0386431710480546,4.083283617434093,-0.009893602128205004,-0.0884848699967522,-0.07606808703206802,-0.03859118486078187
2024-06-03,SOLV,57.04999923706055,57.04999923706055,59.869998931884766,56.810001373291016,59.34000015258789,1680600.0,60.60486459848332,,-1.663107684509356,-1.2582002315640268,61.98550014495849,66.96536965162662,57.00563063829036,32.196399392147,3.801382624561009,17.58627781156511,2.0974701542621896,-15334400.0,60.4785085544174,-8.544408047115363,0,0.9614088151392182,1.0538637121039112,4.043928062934913,-0.057888526746888935,-0.11088427238729892,-0.08642694907612913,-0.02524099291790243
2024-06-04,SOLV,55.61000061035156,55.61000061035156,57.25,55.5,56.81999969482422,2111500.0,59.980506599966844,,-1.9024473652878697,-1.3870496583087955,61.531500053405765,67.06694658460628,55.996053522205244,29.122449263822986,1.136369905822694,11.706198605118745,2.072650857529176,-17445900.0,59.94461525205114,-10.349827978858595,1,0.9787046974485838,1.0315315315315314,4.018363052175045,-0.07364546044582543,-0.126991421288162,-0.10989972333387765,0.002157866041498089
2024-06-05,SOLV,55.72999954223633,55.72999954223633,56.005001068115234,54.75,55.61000061035156,1342500.0,59.44919321775053,,-2.05871133298065,-1.5213819932431665,61.04000015258789,66.79852452052475,55.281475784651036,29.724582955805033,12.143737042082684,5.693829857488796,2.0142473011424658,-16103400.0,59.40543977237439,-8.96766019111122,0,1.002157866041498,1.0229223939381777,4.02051859336749,-0.06914839974394038,-0.15540593240803258,-0.1305213125311555,-0.012201692279943884
2024-06-06,SOLV,55.04999923706055,55.04999923706055,55.439998626708984,54.470001220703125,55.380001068115234,1806300.0,58.89929397016429,,-2.211924308275563,-1.659490456249646,60.47100009918213,66.2356475747563,54.706352623607955,28.259490714619517,6.946085297560146,6.742064081821841,1.9603723740275183,-17909700.0,58.92656449949579,-11.051866569790162,1,0.9940411371489719,1.0178079196671135,4.008241849309662,-0.058217483272450465,-0.12596422434379928,-0.1434277939403854,0.024704825235237936
2024-06-07,SOLV,56.40999984741211,56.40999984741211,56.779998779296875,54.470001220703125,54.5,1535000.0,58.58813220482026,,-2.1982657723301386,-1.7672455194657446,60.05,65.7086536890748,54.391346310925194,35.14458826980841,23.233520733226065,14.10778102428963,1.985345601496535,-16374700.0,58.56942229355317,-5.873519839544655,1,1.0350458687598552,1.0424086195488418,4.032646445046905,-0.05063717238718812,-0.08736588623194486,-0.09174226813791275,0.005318192481333782
2024-06-10,SOLV,56.709999084472656,56.709999084472656,57.279998779296875,56.04999923706055,56.04999923706055,1733800.0,58.35336556477681,62.14305504930782,-2.1385816153158714,-1.8415127386357701,59.698499870300296,65.26932125981651,54.127678480784084,36.59025237450613,28.791750838449016,19.65711895641174,1.9313923115493772,-14640900.0,58.258691854176064,-6.186934046756387,0,1.0117751981515766,1.021944684370719,4.037950545881917,-0.005977517052995651,-0.09529418242045917,-0.12762882200518177,-0.0029976753956932867
2024-06-11,SOLV,56.540000915527344,56.540000915527344,56.790000915527344,56.18000030517578,56.599998474121094,1363200.0,58.126694983620624,61.92332743621839,-2.0810103306727967,-1.8894122570431755,59.36849994659424,64.86621679056074,53.87078310262774,36.09920031696841,26.640921143780695,26.22206423848526,1.8370071900352476,-16004100.0,58.016915377685045,-5.546274074461157,0,0.9989399724344307,1.0108579673734064,4.0349483684580045,0.016585316282959894,-0.09266975084778384,-0.15334186216889467,-0.006720924336081436
2024-06-12,SOLV,56.15999984741211,56.15999984741211,57.13999938964844,56.130001068115234,56.869998931884766,1040600.0,57.88085809159456,61.69731458959854,-2.0425028814069535,-1.9200303819159312,58.921500015258786,63.91294612285718,53.930053907660394,34.969465832218134,23.702654666505445,26.378442216245052,1.7779351279993871,-17044700.0,57.770826454961146,-5.961154220567682,0,0.9875154018321145,1.017993912387558,4.028204757000535,0.007686163633044529,-0.08626919645634512,-0.14633638007587102,-0.03614670200876823
2024-06-13,SOLV,54.130001068115234,54.130001068115234,56.70000076293945,54.0,55.83000183105469,1408400.0,57.412000963659644,61.400557196599195,-2.1509940658701368,-1.9662231187067725,58.5060001373291,63.638221838226386,53.37377843643182,29.634079325073813,1.9174202289268882,17.420332013071008,1.8437969590665346,-18453100.0,57.45117621350258,-7.2322151094442235,1,0.9695504082539032,1.0500000141285084,3.9913885805412943,-0.016853268768367347,-0.13397002534809888,-0.18530374645057135,0.007943844387416221
2024-06-14,SOLV,54.560001373291016,54.560001373291016,54.779998779296875,52.582000732421875,52.959999084472656,1372100.0,57.055501014863566,61.13230010548907,-2.1771795100837394,-2.008414396982166,58.1560001373291,63.36162172619508,52.95037854846312,32.000754483104615,25.795524645294808,17.13853318024238,1.8690970367671391,-17081000.0,57.152356204738936,-8.055272610390132,1,1.0302115241026781,1.0418013391704155,3.999301038705496,-0.0333454063414087,-0.09387618085680183,-0.17723775177274836,0.001282985576655172
2024-06-17,SOLV,54.630001068115234,54.630001068115234,54.790000915527344,53.189998626708984,54.41999816894531,1406300.0,56.75231352152002,60.87730798637637,-2.1672999877570405,-2.040191515137141,57.7685001373291,62.80992535655337,52.727074918104826,32.39935621004463,27.169021290550145,18.293988721590612,1.8498759833422262,-15674700.0,56.82937040326239,-4.2418899234151874,0,1.00385892881727,1.0300808860712196,4.000583201959434,-0.03736734392248309,-0.10123338772236767,-0.16840492686058095,-0.023979523113273324
2024-06-18,SOLV,53.31999969482422,53.31999969482422,55.06999969482422,52.959999084472656,54.119998931884766,1852500.0,56.32327429318305,60.58094295533511,-2.2393625799544097,-2.080025728100595,57.33300018310547,62.33130834715557,52.33469201905537,28.976128926250496,10.126223171360452,21.03025636906847,1.8684563138428931,-17527200.0,56.51728125244979,-4.117965996031782,1,0.9852180478039657,1.039841401941606,3.9763114895870313,-0.05863687887097324,-0.11569702303383878,-0.1932951782089498,0.009002242028949631
2024-06-20,SOLV,53.79999923706055,53.79999923706055,54.084999084472656,52.4379997253418,52.939998626708984,1721000.0,56.00786491116774,60.31502359383415,-2.2320115125807405,-2.1104228849966242,56.96200008392334,61.85149739265877,52.072502775187914,31.818744330007448,18.326152544791388,18.540465668900662,1.8526379599348906,-15806200.0,56.12118506051449,-3.4631263610779035,0,1.0162448173906389,1.0314085084815872,3.985273452986708,-0.04293130401382683,-0.10439354012472268,-0.19769226364965498,-0.026951687425686967
2024-06-21,SOLV,52.349998474121094,52.349998474121094,54.77000045776367,52.20000076293945,53.83000183105469,7696900.0,55.5506316065369,60.00266966757089,-2.3164856772081563,-2.1516354434389307,56.48500003814697,61.217245181392045,51.7527548949019,28.153086888543115,1.9556420728880897,10.136005929679976,1.9038780838555567,-23503100.0,54.77335835905508,-4.904633606464738,0,0.9725059760990056,1.0492337099092315,3.9579519081689063,-0.03343667237238801,-0.10850742441320582,-0.23819685810218916,-0.020057292601061063
2024-06-24,SOLV,51.29999923706055,51.29999923706055,53.0,51.2599983215332,52.349998474121094,2581700.0,55.01930256035236,59.661388474217546,-2.4400310652463375,-2.209314567800412,56.05349998474121,61.01864008396272,51.088359885519694,25.8322897523647,0.6644669848115495,6.982087200830342,1.892172626327788,-26084800.0,54.33120183459918,-9.058678645938679,0,0.979942707398939,1.0339446300320276,3.9376907373046097,-0.061610301400886414,-0.14559288012948324,-0.23407775012623544,-0.0009746440117766324
2024-06-25,SOLV,51.25,51.25,51.619998931884766,50.630001068115234,51.2400016784668,1628300.0,54.548139740308315,59.33153010267961,-2.5130078062355423,-2.2700532154874384,55.593499946594235,60.548809691368895,50.638190201819576,25.723546808432673,9.323295417715231,3.9811348251382905,1.827731571859341,-27713100.0,54.0177480190458,-9.627930122763162,0,1.0001951272678706,1.0195535817279093,3.9367156180185177,-0.06386758394091618,-0.10721244491639492,-0.21809671730369384,-0.00975609756097561
2024-06-26,SOLV,50.75,50.75,51.22999954223633,50.5,50.900001525878906,1141000.0,54.073372272769774,58.994999510417664,-2.5814310898454806,-2.332328790359047,55.13799991607666,60.11559635604805,50.160403476105266,24.607955736365994,3.687316298100078,4.55835956687562,1.7507507452979596,-28854100.0,53.818921166709195,-10.240539125879746,1,0.9970530152970105,1.0144554364799272,3.926911617921897,-0.04939987166513449,-0.09145143425314783,-0.21844285554130982,0.011428607508466748
2024-06-27,SOLV,51.33000183105469,51.33000183105469,51.38999938964844,50.4900016784668,50.5,1634400.0,53.730450967555385,58.69441136612892,-2.559353105127016,-2.377733653312641,54.718499946594235,59.49068687855942,49.94631301462905,28.482583969686317,12.37114155004868,8.460584421954662,1.6899826714325084,-27219700.0,53.58409682540144,-8.600423841667784,1,1.016435679822865,1.0178252660182714,3.938275412244424,-0.046998040742284086,-0.08224318112306639,-0.23764911353109897,0.030196750083160844
2024-06-28,SOLV,52.880001068115234,52.880001068115234,53.11000061035156,51.18000030517578,51.47999954223633,4809400.0,53.624144730125366,58.466395276010736,-2.389242458814252,-2.3800354144129634,54.445000076293944,58.97413009336675,49.915870059221135,37.69760007747111,35.19882783685224,17.08576189500033,1.7071267881284566,-22410300.0,53.28854254244433,-2.30925545046091,0,1.027195057077075,1.0377100487234776,3.9680252157422817,0.010073307573375434,-0.04021663356737992,-0.1661808579111792,-0.02704236528538992
2024-07-01,SOLV,51.45000076293945,51.45000076293945,53.560001373291016,51.20500183105469,53.0,1360300.0,53.35237673422713,58.19124255000794,-2.342811151046888,-2.3725905617397487,54.050500106811526,58.160524052712404,49.94047616091065,33.41930244925976,14.436081426892306,20.668683604597742,1.7534034134218761,-23770600.0,53.04559060073328,-5.700147602771165,1,0.9707547313762162,1.0459915917981293,3.9406104771088137,0.0029197398042040135,-0.0920359679380911,-0.17940185417003596,0.0029154073655463814
2024-07-02,SOLV,51.599998474121094,51.599998474121094,51.83000183105469,51.25,51.400001525878906,1309700.0,53.13332945171388,57.932762390169245,-2.2677690138580004,-2.351626252163399,53.778000068664554,57.777608099035646,49.77839203829346,34.262067500637414,16.691686882657002,22.108865382133853,1.6695890146813626,-22460900.0,52.83051584149684,-5.546407715087159,0,1.0038909910954281,1.0113171088986281,3.94352164291622,0.006806024897702212,-0.09442890296569706,-0.18972308538615623,-0.014534884150745603
2024-07-03,SOLV,50.849998474121094,50.849998474121094,51.77000045776367,50.61000061035156,51.630001068115234,891100.0,52.84791307951478,57.65500694248109,-2.2429608549338553,-2.3298931727174903,53.53999996185303,57.64044892066488,49.439551003041174,32.07582974154877,5.797050704152676,12.308273004567328,1.6331897884478443,-23352000.0,52.656659923390926,-4.632410417929707,0,0.9848924544284807,1.0229203681766967,3.928880092487117,0.001968474565220202,-0.10606827597088753,-0.19873802681867136,-0.018682339759079167
2024-07-05,SOLV,49.900001525878906,49.900001525878906,51.0,49.529998779296875,50.5,2060200.0,52.479424135310296,57.35088908300649,-2.2737466880589423,-2.3186638757857807,53.24850006103516,57.51048210997399,48.986518012096326,29.507439669693113,6.678748834589521,9.722495473799734,1.6215334621803643,-25412200.0,52.38974323459026,-7.249066480460277,0,0.988118842096612,1.0296790078120812,3.910021033336208,-0.028254378908215916,-0.11818372366432683,-0.20445292012067195,-0.005210463492583816
2024-07-08,SOLV,49.63999938964844,49.63999938964844,50.41999816894531,49.58000183105469,50.0,1194300.0,52.124496042102564,57.048501251894415,-2.2926959107700995,-2.3134702827826445,52.97800006866455,57.430750405795806,48.52524973153329,28.827103623769773,1.985570255832561,4.820456598191586,1.5657093818739545,-26606500.0,52.224462793109744,-5.1766937219918505,0,0.9927999877929687,1.0169422409614453,3.9047969480408473,-0.06322826770143442,-0.08659163250044699,-0.22056165784854587,-0.03263495068097419
2024-07-09,SOLV,48.02000045776367,48.02000045776367,49.73500061035156,47.97999954223633,49.38999938964844,1713900.0,51.6114340940602,56.69444239722262,-2.410645263178253,-2.3329052788617664,52.558500099182126,57.21507525688263,47.901924941481624,24.96482981611713,0.5641877950135613,3.076168961811881,1.5792302166054744,-28320400.0,51.93859247754272,-6.393759898786339,1,0.9722616126986245,1.0365777633359567,3.8716176003258784,-0.06899287678293531,-0.1276834383796177,-0.22155961923641954,0.003331941813554091
2024-07-10,SOLV,48.18000030517578,48.18000030517578,48.529998779296875,47.349998474121094,48.099998474121094,1218000.0,51.18250487044965,56.36054270733843,-2.462820462984496,-2.3588883156863125,52.13200016021729,56.75188616874763,47.512114151686944,26.019098227344685,11.186005514343925,4.57858785506335,1.5507137943604963,-27102400.0,51.67405193445902,-5.990243306974086,1,1.0016632397836298,1.0249208097825115,3.874944003520801,-0.06857763939541872,-0.1256391984386327,-0.22687258616100037,0.024491496423859893
2024-07-11,SOLV,49.36000061035156,49.36000061035156,49.75,48.2400016784668,48.45000076293945,1327700.0,50.95469183793739,56.0860116447115,-2.3815010599926296,-2.363410864547576,51.773000144958495,56.07166561893057,47.47433467098642,33.446000600709965,27.088970335338534,12.946387881565341,1.5520913586793337,-25774700.0,51.4634857367927,-2.738915053494458,0,1.01878224629685,1.031301788329067,3.8991403919624394,-0.02973970052467756,-0.07717109762459184,-0.19286812065843062,-0.007293367218396362
2024-07-12,SOLV,49.0,49.0,50.36000061035156,48.97999954223633,49.4900016784668,1089500.0,50.710355358195216,55.80812883511497,-2.319367661209469,-2.354602223879955,51.41500015258789,55.37159231780943,47.45840798736636,32.37806566313755,26.57006047613051,21.615012108604322,1.5397991950676122,-26864200.0,50.843910084643646,-4.539259201126766,0,0.9900989763215143,1.0281747872807805,3.8918202981106265,-0.01820073522558152,-0.09345315487608152,-0.1978466950008042,-0.0159183424346301
2024-07-15,SOLV,48.220001220703125,48.220001220703125,49.189998626708984,48.119998931884766,48.779998779296875,905600.0,50.399061091008704,55.510555203177255,-2.306478232463334,-2.344977425596631,51.119500160217285,55.10355565940583,47.13544466102874,30.133051502637144,14.009699523623777,22.55624344503094,1.50624208790737,-27769800.0,50.63211048308857,-8.812404979738028,1,0.9885199349608959,1.022236070627076,3.8757738980683114,-0.029023049972535908,-0.08217801010059489,-0.1906854345138007,0.037743667539411156
2024-07-16,SOLV,50.040000915527344,50.040000915527344,50.2599983215332,47.15999984741211,47.2599983215332,1488000.0,50.35417856907353,55.296023662485105,-2.1249098641154163,-2.300963913300388,50.8935001373291,54.57236520466406,47.21463506999414,40.49992448796139,45.00000596046306,28.52658865340578,1.6200818297797788,-26281800.0,50.49342896664972,-2.7405244441274386,1,1.0588235863886495,1.0657336404612225,3.91282270389462,0.04120510356874174,-0.024868033409989554,-0.1704609135394728,0.05915265847955196
2024-07-17,SOLV,53.0,53.0,53.38999938964844,49.63999938964844,49.86000061035156,2496700.0,50.68490624793934,55.20598351885824,-1.7223146643508187,-2.1852340635104746,50.81200008392334,54.218267783616106,47.40573238423057,52.773401503716265,91.24998062849507,50.0865620375273,1.772218841938366,-23785100.0,50.638380957450906,2.713181331935597,1,1.0629763207222371,1.0755439171254704,3.970291913552122,0.09534791003132081,0.033576295533604306,-0.07363614938279062,0.037358481928987324
2024-07-18,SOLV,54.97999954223633,54.97999954223633,55.099998474121094,52.400001525878906,52.709999084472656,2776200.0,51.22179290972646,55.19712140212797,-1.229314875817245,-1.9940502259718287,50.89500007629395,54.60869569309938,47.181304459488516,58.883208738202214,98.48867817834241,78.24622158910017,1.8384887066743532,-21008900.0,51.0065245342997,8.121929581211495,0,1.0430658413430398,1.0515266578171516,4.006969474411096,0.10782908244865652,0.08005785648919916,-0.01139357776394867,-0.00691162370460394
2024-07-19,SOLV,54.599998474121094,54.599998474121094,56.0,54.5,55.0,2602400.0,51.64406860527579,55.17370481671593,-0.8593656694275751,-1.767113314662978,50.935000038146974,54.78762690137371,47.082373174920235,57.34973388109911,84.16287893989393,91.3005125822438,1.8143109419118992,-23611300.0,51.17705783302008,9.418831271587631,0,0.9927272449840199,1.0275229357798166,4.000033854804359,0.10821355669373256,0.06175844255993512,-0.020484738563131266,-0.008608011339572204
2024-07-22,SOLV,54.130001068115234,54.130001068115234,55.11000061035156,53.03300094604492,54.84000015258789,1806300.0,51.95481016313072,55.13277525794728,-0.5972187547076118,-1.533134402671905,51.02400016784668,55.08013279098018,46.96786754471318,55.42707396962105,78.84616629404324,87.1659078040932,1.833074422082952,-25417600.0,51.35391919078532,9.045128391768491,1,0.9870532625365218,1.0391642869016549,3.9913885805412943,0.1156146824729829,0.023363364799012576,-0.016853268768367347,0.04636981843718629
2024-07-23,SOLV,56.63999938964844,56.63999938964844,56.7400016784668,55.54999923706055,56.310001373291016,2073900.0,52.54045881644544,55.19188208664144,-0.1847992972439343,-1.263467381586311,51.29100017547607,56.03016784446244,46.5518325064897,62.63205626433476,98.95613497176807,87.32172673523507,1.8885691498164243,-23343700.0,51.7772230603892,17.950851415477487,1,1.005860380186635,1.0214221864581472,4.036715438609483,0.12389273471486284,0.09610496150066927,0.0040689935625781715,0.02560029623172023
2024-07-24,SOLV,58.09000015258789,58.09000015258789,59.970001220703125,56.63999938964844,56.779998779296875,2204400.0,53.23415148346324,55.30553377550209,0.2560969117412242,-0.9595545229208039,51.633000183105466,57.22198918906774,46.04401117714319,66.04654175191214,85.32395888703762,87.70875338428299,1.9915286270477288,-21139300.0,52.37248917643246,20.568700258699497,0,1.0230715287329077,1.0587924058428446,4.061993534631191,0.0917016210790691,0.11847189171497119,0.02404298874927413,-0.009295935860025762
2024-07-25,SOLV,57.54999923706055,57.54999923706055,58.84000015258789,56.689998626708984,57.5,1540600.0,53.77363245266291,55.39355202889654,0.5555329350722431,-0.6565370313221945,51.9730001449585,58.10656647367421,45.83943381624279,63.71170641957,81.10849551750785,88.46286312543783,2.002848119821384,-22679900.0,52.895856875576534,16.592379508584152,1,1.000869551948879,1.0379255878984261,4.052654121910908,0.045684647499811604,0.12377402942379057,0.01770575345290304,0.0013901274042618687
2024-07-26,SOLV,57.630001068115234,57.630001068115234,59.0,57.37799835205078,58.060001373291016,1122300.0,54.25567852959445,55.481255912787475,0.7901848608422526,-0.36719265288930514,52.28800010681152,58.886589238396255,45.68941097522679,63.91523256105806,81.73302184442528,82.72182541632358,1.9756448004019436,-21557600.0,53.278907111406156,17.612247077786193,0,0.9925938633309508,1.0282687039376521,4.054043283982589,0.054009429178229595,0.14402225064638063,0.0258385269820538,-0.005032117129142161
2024-07-29,SOLV,57.34000015258789,57.34000015258789,57.744998931884766,55.900001525878906,57.310001373291016,1001700.0,54.64121873246863,55.55414784376004,0.9418900303824742,-0.10537611623494927,52.511000061035155,59.46635127244074,45.55564884962957,62.54581456463063,79.46915857793104,80.77022531328805,1.9663128436593662,-22559300.0,53.77688090364005,18.91331128371917,1,1.0005234475410578,1.033005319421176,4.048998463116331,0.05760988257503685,0.14420151507548384,0.05760988257503685,0.0280781410196578
2024-07-30,SOLV,58.95000076293945,58.95000076293945,59.29999923706055,57.13999938964844,57.58000183105469,1379400.0,55.17981648627748,55.68731854647296,1.1784466645473657,0.1513884399215137,52.886000061035155,60.361387180088855,45.410612941981455,66.79882515627348,92.03746800612853,84.41321614282829,1.9801476296417049,-21179900.0,54.34276559388279,17.805754764979127,0,1.0237929643681583,1.037801887827871,4.076689639925525,0.03997420131604201,0.2050720395996466,0.07738860122002889,-0.001187441796747626
2024-07-31,SOLV,58.880001068115234,58.880001068115234,59.81999969482422,58.09000015258789,58.65999984741211,1125000.0,55.6423395590072,55.812521782615796,1.3447694459777821,0.39006464113276745,53.250000190734866,61.13709584124493,45.362904540224804,66.44554700557651,91.49102235960292,87.66588298122083,1.9622799091127494,-22304900.0,54.85518849676753,11.094341637953272,0,1.003750447004354,1.029781365771941,4.075501492561164,0.01350795792997328,0.2005574890403632,0.0749182906017305,-0.013926624999133465
2024-08-01,SOLV,58.060001373291016,58.060001373291016,59.380001068115234,57.380001068115234,58.810001373291016,1049900.0,55.94454728579267,55.90065823715208,1.3943412284688819,0.5909199585999904,53.61050033569336,61.6827774004083,45.53822327097842,62.28963837254489,85.08977640397075,89.53942225656739,1.9649742013189815,-23354800.0,55.257408719171956,5.602040481445606,0,0.9872470671231677,1.0348553496474464,4.061476982249446,0.008822860338538518,0.16233659028700664,0.0851654926624148,-0.012917671068899041
2024-08-02,SOLV,57.310001373291016,57.310001373291016,58.189998626708984,56.709999084472656,57.68000030517578,1058500.0,56.115229046729965,55.95592659543204,1.357460531235759,0.7442280731271441,53.98100032806396,62.01818126008526,45.94381939604267,58.67483841649108,79.23497609486415,85.2719249528126,1.930333154241649,-24413300.0,55.610698860313825,4.963375411913957,0,0.9935853167488357,1.026097682351075,4.048475152526148,-0.005568131456440639,0.15665485441552152,0.06320169953943999,-0.020415319413826617
2024-08-05,SOLV,56.13999938964844,56.13999938964844,56.369998931884766,54.2599983215332,55.060001373291016,1136100.0,56.118325339594776,55.963145136381705,1.219762270819679,0.8393349126656511,54.306000328063966,62.1378056687352,46.474194987392735,53.462553200685036,62.923512563756766,75.74942168753056,2.0103095754928035,-25549400.0,56.020782250482775,3.7132796635342644,1,1.0196149289760337,1.0388868535868385,4.0278485600617815,-0.021149903054549668,0.15207466199347008,0.0698966518928752,0.02333454555634649
2024-08-06,SOLV,57.45000076293945,57.45000076293945,58.060001373291016,55.849998474121094,56.0,916600.0,56.28478476751286,56.02145320016829,1.2024801276699648,0.9119639556665139,54.77750034332276,62.16140951865981,47.393591167985704,57.965080233962844,66.71069274300429,69.62306046720839,2.0245733843268834,-24632800.0,56.52650025722708,1.4300871857690238,0,1.025892870766776,1.0395703305201334,4.050915017574825,-0.02577462235070005,0.1380923136802048,0.11322428027021525,-0.026979968955203902
2024-08-07,SOLV,55.900001525878906,55.900001525878906,58.279998779296875,55.810001373291016,57.810001373291016,1519200.0,56.236686862308616,56.01669038941184,1.0515898470017362,0.9398891339335584,55.16350040435791,61.906847566668944,48.42015324204688,51.603339043498956,41.32911152256291,56.98777227644132,2.0563893858753817,-26152000.0,56.856538097389354,-3.770009676289217,1,0.9669607368614498,1.044257253990822,4.023564407457634,-0.05193708510353012,0.05327249390551225,0.08684878943911656,0.049373850558044476
2024-08-08,SOLV,58.65999984741211,58.65999984741211,58.970001220703125,55.619998931884766,55.900001525878906,1333900.0,56.539600985446555,56.12034958384323,1.1415578425321087,0.9802228756532686,55.628500366210936,61.97805238132227,49.2789483510996,60.01799144308639,81.11573704160533,63.05184710239084,2.1487903075141657,-24818100.0,57.164642719272535,1.9287586882134204,1,1.0493738505580446,1.0602301753533105,4.0717580609480795,0.010281078698633372,0.0647885865369835,0.14484644302618266,0.03290147136372566
2024-08-09,SOLV,60.59000015258789,60.59000015258789,62.2400016784668,59.5,60.0,2411900.0,57.04590088133922,56.2956299983038,1.3529965204399304,1.054777604610601,56.208000373840335,62.13332081769032,50.28267992999035,64.6469275616416,79.32329784742173,67.25604880386332,2.2510197020527745,-22406200.0,57.88237402314758,5.136212093722007,0,1.0098333358764648,1.0460504483775932,4.104129865475265,0.05565471294911717,0.10409601067090613,0.16585445323084125,-0.04753261364684491
2024-08-12,SOLV,57.709999084472656,57.709999084472656,60.67499923706055,57.43000030517578,60.59000015258789,1174900.0,57.1289131567309,56.351095452663365,1.2734911655557895,1.0985203167996387,56.68250026702881,61.36207243753834,52.00292809651928,54.50593767916348,43.23307408062488,67.89070298988396,2.322018218469345,-23581100.0,58.0989795020041,0.6452719408792444,1,0.9524673863531551,1.0565035506641347,4.055430452858599,0.027581892796817442,0.06404187231730463,0.0874052371163172,0.008837327054605498
2024-08-13,SOLV,58.220001220703125,58.220001220703125,58.689998626708984,56.689998626708984,57.2599983215332,978600.0,57.26529916472743,56.42438587493944,1.2373718566073322,1.1262906247611775,57.0915002822876,60.680022813727376,53.50297775084782,55.82738424736859,49.624075605547084,57.393482511197895,2.299016917150106,-22602500.0,58.06948354261615,-1.238336781659997,0,1.0167656815806945,1.0352795916113802,4.064228959284552,0.013313941709727217,0.02751352067506918,0.12361848217573845,-0.0075575821398262775
2024-08-14,SOLV,57.779998779296875,57.779998779296875,59.0,57.47999954223633,58.40999984741211,867000.0,57.32963661654861,56.4775471653064,1.159872239095563,1.1330069476280547,57.33050022125244,60.39574755212725,54.26525289037764,54.36033468711718,44.11026286981753,45.65580418532983,2.243372884336789,-23469500.0,58.10429439559199,-1.8682103751082197,1,0.9892141573401639,1.0264439886894359,4.056642673911347,0.033078266453713034,-0.0053508607198438085,0.11312103099512738,0.018345472407154572
2024-08-15,SOLV,58.84000015258789,58.84000015258789,59.20000076293945,57.86000061035156,58.25,1013000.0,57.51843205855352,56.57019238049391,1.1704937624004899,1.1405043105825416,57.52350025177002,60.45564835042487,54.59135215311516,57.27328473536464,57.3934825111979,50.37594032885416,2.1845606771443453,-22456500.0,58.14260545710193,1.3434356886799748,1,1.0101287579843414,1.0231593525484366,4.074821898326505,0.003063837378425305,0.022167776415597196,0.14594180583938776,0.009517358460890244
2024-08-16,SOLV,59.400001525878906,59.400001525878906,59.9900016784668,58.61000061035156,58.959999084472656,842900.0,57.753628241969196,56.681165288156066,1.2101489826608969,1.1544332449982126,57.76350040435791,60.476795643921726,55.0502051647941,58.77043930839719,64.41104062794288,55.30492866965276,2.127092133642266,-21613600.0,58.27072080147007,3.6468331922984785,1,1.007462728090885,1.0235454880352195,4.084294252056796,-0.0198356134184694,0.03025096807420713,0.17427321872058776,0.0008417379760295733
2024-08-19,SOLV,59.45000076293945,59.45000076293945,60.349998474121094,59.2400016784668,59.41999816894531,1084200.0,57.96567480709048,56.7897470714809,1.2314155589533797,1.169829707789246,58.02950038909912,60.26720910475322,55.79179167344502,58.90888327937014,65.03759721976567,62.28070678630214,2.0544424666431254,-20529400.0,58.34716667876346,5.895976860130393,0,1.000504924182408,1.0187372850135785,4.0851356359700866,0.02970518311148762,0.036137172853755395,0.18033868792923924,0.0
2024-08-20,SOLV,59.45000076293945,59.45000076293945,60.06999969482422,59.209999084472656,59.209999084472656,771100.0,58.1512155515716,56.89407074565575,1.2340441807329228,1.1826726023779814,58.17000045776367,60.39391612070069,55.94608479482665,58.90888327937014,65.03759721976567,64.82874502249139,1.969125191193728,-19758300.0,58.36526193265308,3.481288030356623,1,1.0040533977736497,1.0145245840846009,4.0851356359700866,0.020906676685534364,0.008445996044561532,0.21351803564420813,0.003532364706100519
2024-08-21,SOLV,59.65999984741211,59.65999984741211,59.81999969482422,58.7599983215332,59.58000183105469,936400.0,58.339813588551664,57.00253855356777,1.238792524412915,1.1938965867849682,58.248500442504884,60.56450810913814,55.93249277587163,59.570171265102296,67.66916358734362,65.9147860089583,1.9041877756292485,-18821900.0,58.43244641567935,6.726293772626306,1,1.0013426991255265,1.0180395065277352,4.088661776528978,0.03201910261763086,0.013160283967813768,0.21371777300817696,0.00184379166330712
2024-08-22,SOLV,59.77000045776367,59.77000045776367,60.68000030517578,59.47999954223633,59.90999984741211,710400.0,58.51858694720316,57.111066471379374,1.237170420436243,1.2025513535152232,58.35950050354004,60.74277957452394,55.976221432556144,59.933903754770775,69.04761677127601,67.2514591927951,1.853888703294263,-18111500.0,58.57173685917898,1.8922615295583436,1,0.9976631715906358,1.0201748616707258,4.090503870494916,0.015681972168411384,0.02902688824547006,0.1913634785324767,0.027271223952341623
2024-08-23,SOLV,61.400001525878906,61.400001525878906,61.63999938964844,59.900001525878906,60.16999816894531,642400.0,58.87876376953763,57.279260002928375,1.3518293082764075,1.2324069444674601,58.548000526428225,61.24621947673345,55.849781576123,64.96395841306122,87.31118120726475,74.67598718862811,1.8550394339078704,-17469100.0,58.89632960914997,1.336856529544701,0,1.0204421371840495,1.0290483776201207,4.117409860004544,0.03311560794774859,0.06893470747839636,0.22558956189391788,-0.0198697262277578
2024-08-26,SOLV,60.18000030517578,60.18000030517578,61.880001068115234,59.66999816894531,61.380001068115234,938400.0,59.0414183364924,57.39301452458514,1.3289342733569,1.251712410245348,58.69000053405762,61.41773973897549,55.96226132913974,58.99413391776728,68.88216739253448,75.08032179035841,1.880393967140874,-18407500.0,59.10684908688289,4.280022976759497,1,0.9804496457794489,1.0370370867602958,4.097340076272949,0.012204440302862274,0.06949151621116734,0.22156617820463742,0.006148204220812273
2024-08-27,SOLV,60.54999923706055,60.54999923706055,61.0,59.61000061035156,59.83000183105469,770100.0,59.22999094906342,57.516817846643,1.3253676021218013,1.2664434486206388,58.77000045776367,61.61488362410019,55.925117291427156,60.18899419247712,74.47127280606018,76.88820713528646,1.8453657830342713,-17637400.0,59.431388696825344,4.002057656310853,0,1.0120340528826817,1.0233182247175998,4.103469457398945,0.01833382142885842,0.05255443982412,0.1906467535043248,-0.008257638419489318
2024-08-28,SOLV,60.04999923706055,60.04999923706055,60.459999084472656,59.349998474121094,60.36000061035156,794700.0,59.33249198506306,57.616158293326045,1.2675832573977601,1.2666714103760632,58.82850036621094,61.72762620361371,55.92937452880817,57.740463152405994,60.54051824867688,67.96465281575718,1.7992682815989272,-18432100.0,59.622088534404064,3.9286959254437273,1,0.9948641257429369,1.0187026223907245,4.095177535820922,0.006515759291944256,0.07161312836328815,0.1248856222688004,0.04779348823227816
2024-08-29,SOLV,62.91999816894531,62.91999816894531,63.75,60.0099983215332,60.16999816894531,1463800.0,59.78093025804834,57.824152013938566,1.436811013135852,1.300699330928021,59.07150020599365,62.447694460785705,55.6953059512016,66.23206222565193,88.243602413525,74.41846448942069,1.9378920956609178,-16968300.0,59.701227678398276,6.934055074399886,1,1.045703840513316,1.0623229758885826,4.141864049088762,0.05136017859384623,0.07010598814068292,0.1348945746776664,0.01891294462868541
2024-08-30,SOLV,64.11000061035156,64.11000061035156,65.0,62.83000183105469,62.83000183105469,2089500.0,60.32206405208625,58.070655880464564,1.6479519166538168,1.3701498480731802,59.41150016784668,63.334892754278876,55.48810758141449,69.01243483657555,89.29002114838435,79.35804727019541,1.9544711008955173,-14878800.0,60.4369554182726,7.92929118431191,0,1.0203724135284715,1.0345376111046485,4.160600367519546,0.04319050751500164,0.056470502044280835,0.16056651271518696,-0.004367474288428954
2024-09-03,SOLV,63.83000183105469,63.83000183105469,64.44999694824219,63.345001220703125,63.52000045776367,1140800.0,60.7605562744573,58.29651258440928,1.7722595376809238,1.450571785994729,59.79600028991699,63.86610298309156,55.72589759674242,67.60200652052782,84.44151465792262,87.3250460732773,1.8937942885129133,-16019600.0,60.894654930448326,7.367537446434625,1,1.004880374229486,1.0174440872404296,4.156223327954393,0.05888325168144437,0.10079287509579427,0.1648347474130989,0.020053246789570475
2024-09-04,SOLV,65.11000061035156,65.11000061035156,65.52999877929688,63.18000030517578,63.439998626708984,1414800.0,61.30423681644408,58.56370819326976,1.9515630232992862,1.5507700334556405,60.179000282287596,64.70955842465409,55.6484421399211,70.56373023951481,94.52414251354293,89.41855943994996,1.9263803017706405,-14604800.0,61.420662141415406,9.520605172036428,1,1.026324117588166,1.0371952906421336,4.176078156622931,0.07260869922398605,0.11184919733837884,0.13936271801344802,0.007525692814870417
2024-09-05,SOLV,65.5999984741211,65.5999984741211,65.77999877929688,64.08000183105469,65.05999755859375,1437000.0,61.84120702365371,58.839641145460014,2.108891076397285,1.6623942420439695,60.66400012969971,65.33310452788008,55.994895731519335,71.63281463571788,97.48953485155131,92.15173067433894,1.910210062232894,-13167800.0,61.96516462747248,9.956417435302164,1,1.008300045124364,1.0265292899448442,4.1835756726896935,0.08839813686877118,0.1269329987783463,0.12158213805850249,0.009146318415812014
2024-09-06,SOLV,66.19999694824219,66.19999694824219,66.55500030517578,64.51499938964844,65.52999877929688,1299500.0,62.386055764227265,59.12828254949069,2.255983975462101,1.7811121887275958,61.04099998474121,66.19447153768519,55.887528431797236,72.92930491925681,95.4457566825698,95.81981134922133,1.9194808374682117,-11868300.0,62.42636509554202,10.757899349561253,1,1.0102242969849862,1.0316205678497559,4.192680416843901,0.050816367755138536,0.11785851851739615,0.14002629493299334,0.01253779258787
2024-09-09,SOLV,67.02999877929688,67.02999877929688,67.66999816894531,65.73999786376953,65.97000122070312,1417800.0,62.96654864111097,59.438153774188976,2.4117294529849147,1.9072356415790597,61.36299991607666,67.13157637534286,55.59442345681047,74.65498081153106,92.81706621090096,95.25078591500734,1.9202322280187525,-10450500.0,63.0075001282028,9.169376406358937,1,1.0160678723507601,1.029358082870268,4.2051402621585705,0.044539894639024524,0.12084601010177476,0.1510969781759819,0.019692670727482074
2024-09-10,SOLV,68.3499984741211,68.3499984741211,68.9800033569336,66.37999725341797,67.0,1648800.0,63.63947987023723,59.787637880068665,2.61156728763423,2.048101970790094,61.89499988555908,68.15911396906411,55.63088580205405,77.14974934202087,93.8355716985435,94.03279819733808,1.9687875048399577,-8801700.0,63.64911342082609,13.575935738642148,1,1.0201492309570312,1.0391685177929373,4.224641540845468,0.06841821289107486,0.1395059048753815,0.1756430777291369,0.015508488831782841
2024-09-11,SOLV,69.41000366210938,69.41000366210938,69.5199966430664,67.16999816894531,67.87999725341797,1623000.0,64.36079534422124,60.16498555779575,2.8229327595479035,2.203068128541656,62.45450000762939,69.27951993578738,55.6294800794714,78.9422846809305,98.91845623637474,95.19036471527306,1.9960168597886103,-7178700.0,64.34855412194827,14.632542587425712,0,1.022539871399514,1.0349858350183425,4.240031002112035,0.06395284548910407,0.15489536614194854,0.16334136218651008,-0.010949461117019802
2024-09-12,SOLV,68.6500015258789,68.6500015258789,70.11499786376953,68.31999969482422,68.77999877929688,1274000.0,64.89694611692845,60.49773128203431,2.8957353633188845,2.341601575497102,62.998000144958496,69.97696732416465,56.019032965752345,74.43372310036432,86.39111545794088,93.04838113095303,1.981658381871232,-8452700.0,64.85359612246496,14.321402827780169,1,0.9981099555724753,1.0262733925199548,4.229021154440912,0.04544548175121843,0.14035937791193387,0.15351966187974764,0.019664944561030875
2024-09-13,SOLV,70.0,70.0,70.41999816894531,68.54000091552734,68.6500015258789,1013100.0,65.53482785231239,60.870369270974145,3.027466793116993,2.47877461902108,63.5560001373291,70.89141658966389,56.22058368499432,76.9517973217537,96.20597849572044,93.83851673001202,1.974396872695999,-7439600.0,65.25473613574944,11.25238721724738,1,1.0196649445610309,1.0274291979618586,4.248495242049359,0.05581482520545844,0.1579913715544432,0.18701825979991327,0.025571441650390624
2024-09-16,SOLV,71.79000091552734,71.79000091552734,71.91500091552734,69.9000015258789,69.97000122070312,991000.0,66.31672448521425,61.29859011978015,3.2389662280365883,2.630812940824182,64.17550010681153,72.07350634584601,56.27749386777704,79.79360415467457,99.00517329317756,93.86742241561296,1.9772970524783162,-6448600.0,65.81428373357193,11.979410750365405,1,1.0260111428193845,1.0288268862040357,4.273745203341245,0.06860494118267457,0.15633534333670074,0.2252700508150971,0.00752195164564412
2024-09-17,SOLV,72.33000183105469,72.33000183105469,73.4000015258789,71.36000061035156,71.5,788800.0,67.0683841534443,61.73119450061445,3.410836613579349,2.7868176753752154,64.81950016021729,73.15932444739691,56.479675873037664,80.5718466458186,92.38434546325348,95.86516575071715,1.9817758998389612,-5659800.0,66.32229604616317,13.316621895919429,0,1.0116084172175481,1.0285874565313753,4.281239006176476,0.05659746533100751,0.18389892990352674,0.2533904461146941,-0.002765167600906203
2024-09-18,SOLV,72.12999725341797,72.12999725341797,73.2699966430664,71.51000213623047,72.30000305175781,679700.0,67.70108579094101,62.1389906869989,3.4906681845084364,2.9275877772018597,65.45349998474121,73.98972952860373,56.91727044087869,79.35280514949409,90.5152802947145,93.96826635038184,1.9659343717673166,-6339500.0,66.82152618258188,10.781748697987767,1,0.9976486059313422,1.0246118648337201,4.278470008437361,0.03843900632532549,0.1750005510384156,0.2275549908625356,0.002911397372369998
2024-09-19,SOLV,72.33999633789062,72.33999633789062,73.2300033569336,72.19999694824219,72.9000015258789,886300.0,68.28094960930972,62.53903012428878,3.5301866563964666,3.048107553040781,66.08749980926514,74.69164005403496,57.48335956449532,79.7000943985512,89.97156841445009,90.95706472413936,1.9040823526064814,-5453200.0,67.49021617102731,10.274387226439389,0,0.9923181731650652,1.0142660173438758,4.281377175900376,0.05235602145946405,0.18619964007945367,0.2578127684427418,-0.03303842287308205
2024-09-20,SOLV,69.94999694824219,69.94999694824219,72.12999725341797,69.8499984741211,72.02999877929688,4410100.0,68.48958052667628,62.82965627424774,3.3302631527881204,3.104538672990249,66.59649963378907,74.84250007549916,58.35049919207898,66.07778262229162,66.2426206892433,82.24315646613594,1.9459334605466994,-9863300.0,68.55091352077848,5.664652829111005,1,0.971123117224701,1.0326413576106461,4.247780657483786,-0.000714584565573162,0.10591660839502381,0.17602259653570673,0.0024303903610694284
2024-09-23,SOLV,70.12000274658203,70.12000274658203,71.36000061035156,69.48999786376953,70.33000183105469,1336900.0,68.6933833041645,63.11555221433928,3.1492379284293435,3.1134785240780682,67.03249969482422,75.05237721208482,59.01262217756363,66.51618962360158,67.9060823138413,74.70675713917821,1.9405098381206518,-8526400.0,68.93189897812411,4.609882177469986,0,0.9970140895918486,1.026910387164611,4.250208099222771,-0.023537104118473984,0.08960773170322511,0.14607823374750595,-0.0011409273805053745
2024-09-24,SOLV,70.04000091552734,70.04000091552734,70.87000274658203,69.69999694824219,70.12000274658203,878800.0,68.86171050558485,63.38709922222901,2.9651383851760187,3.0838104962976587,67.5254997253418,74.99302290327573,60.057976547407876,66.08337062969069,63.948490124763524,66.03239770928269,1.8854738352791656,-9405200.0,69.29952656429828,2.472571293540152,0,0.9988590726194946,1.016786310610726,4.249066520489143,-0.03217248568733222,0.09284319253475015,0.19363606763054442,-0.011707591149423172
2024-09-25,SOLV,69.22000122070312,69.22000122070312,70.11499786376953,68.76499938964844,70.0999984741211,772500.0,68.90649684497464,63.61584047707114,2.7216970193912857,3.0113878009163844,67.95899982452393,74.73062878070358,61.187370868344274,61.654983486150925,52.95442543417126,61.60299929092535,1.8472255951964462,-10177700.0,69.61550188790515,-0.27373927587036206,0,0.9874465439005274,1.0196320582578864,4.237289855842319,-0.041180152595041264,0.061211699219388294,0.17306089655776713,-0.016180334106192528
2024-09-26,SOLV,68.0999984741211,68.0999984741211,69.05000305175781,67.87999725341797,68.86000061035156,1951900.0,68.80568454861795,63.79168981028879,2.4106051659078958,2.891231273914687,68.36149978637695,74.07993068202853,62.64306889072538,56.12295967319289,30.809392716421716,49.23743609178549,1.8109954789170684,-12129600.0,69.7441782377815,-0.8011697589700396,0,0.9889630826387733,1.0172363854696669,4.2209771907490214,-0.060399985151354585,0.0374015180593279,0.1643345168376742,-0.007782654789607398
2024-09-27,SOLV,67.56999969482422,67.56999969482422,69.12999725341797,67.31999969482422,68.41000366210938,2001200.0,68.65122394189373,63.93985882536861,2.0971218434239205,2.7324093878165336,68.5939998626709,73.75999766318525,63.42800206215655,53.66893298703031,16.951591412480465,33.57180318769114,1.8109241988939744,-14130800.0,69.77766168039663,-3.471429007393973,1,0.987721036071945,1.026886476036822,4.213164093047644,-0.03461656443614203,0.02048367620374325,0.1383421947211394,0.03181887724714011
2024-09-30,SOLV,69.72000122070312,69.72000122070312,69.8499984741211,67.30000305175781,67.48999786376953,1369000.0,68.78482110174491,64.16653107616604,1.99912652054023,2.585752814361273,68.87449989318847,73.62898600202669,64.12001378435025,61.09979486860318,40.93100606309984,29.563996730667327,1.8637150005703536,-12761800.0,69.87610093898667,-2.883409483808074,0,1.0330419829236759,1.037889974840004,4.24448723816047,-0.005720861062300742,0.03934697600189985,0.1601929861036746,-0.03471024277932316
2024-10-01,SOLV,67.30000305175781,67.30000305175781,69.44000244140625,66.94999694824219,69.44000244140625,932400.0,68.59921884549652,64.28941233011082,1.7065192025754214,2.409906092004103,69.04799995422363,73.2777925017819,64.81820740666535,51.15461465983995,5.426447366086478,21.103014947222253,1.928449948562538,-13694200.0,69.87937740251944,-6.954235658732223,1,0.969182037522908,1.0371920180233771,4.209160281996265,-0.03990623849287811,-0.015481258849202817,0.12402464602617869,0.004903331154478115
2024-10-02,SOLV,67.62999725341797,67.62999725341797,68.26000213623047,66.5999984741211,66.9800033569336,820700.0,68.4780661464867,64.42041566043659,1.4841452663812902,2.2247539268795404,69.17399978637695,73.0635010050424,65.28449856771151,52.29490033184666,15.147034074207049,20.501495834464446,1.9092752138158835,-12873500.0,69.83311347692425,-6.238735853808398,0,1.0097042977591475,1.0249249804826108,4.214051630974959,-0.02323822486736038,-0.025979371137076157,0.12891599500487239,-0.005470872870230683
2024-10-03,SOLV,67.26000213623047,67.26000213623047,67.81999969482422,66.6500015258789,67.62999725341797,754600.0,68.32580814520466,64.53177199282067,1.26349205612442,2.0325015527285166,69.25699996948242,72.9009873368274,65.61301260213745,50.86122340210556,9.705931851585904,10.0931377639598,1.8564697106108425,-13628100.0,69.73770477550305,-7.0223865894769615,1,0.9945291271297693,1.017554360722573,4.208565738072909,-0.012411452676112766,-0.0204554163680033,0.11990396154393057,0.007136421532768679
2024-10-04,SOLV,67.73999786376953,67.73999786376953,68.41000366210938,67.19999694824219,67.58000183105469,837200.0,68.25258186002527,64.65758477207356,1.1145070969391213,1.8489026615706377,69.3340000152588,72.77582126113207,65.89217876938552,52.67389360290244,16.7646893828047,13.872551769532542,1.81029378227201,-12790900.0,69.5701167851959,-3.15939840012844,0,1.002367505598991,1.0180060531074002,4.215676815853893,0.0025127228062489237,-0.032818426195466266,0.12517294535897694,-0.02140532911084889
2024-10-07,SOLV,66.29000091552734,66.29000091552734,67.3499984741211,65.97000122070312,67.3499984741211,1222600.0,68.00725924196303,64.72160109142469,0.8694107815131957,1.6530042855591494,69.29700012207032,72.85117503123435,65.74282521290628,47.02994179633913,4.383560212160009,10.284727148850196,1.8074154151858954,-14013500.0,69.2565484453576,-5.4620674287429045,1,0.9842613573480473,1.0209185573424682,4.1940390700642425,-0.050448168096227874,-0.0797061332770026,0.07662921005969814,0.012671539090201907
2024-10-08,SOLV,67.12999725341797,67.12999725341797,68.72000122070312,66.70500183105469,66.80000305175781,1034400.0,67.89760149339489,64.81604799973815,0.7344841934583712,1.4693002671389939,69.23600006103516,72.89347092454888,65.57852919752143,50.3489713021342,15.977902085262137,12.375383893408939,1.8518857644708873,-12979100.0,69.05513301705173,-4.1547738778859,1,1.004940032733299,1.0302076206331854,4.206630997036283,-0.0025292849599818368,-0.07460800914019217,0.10929092076333458,0.03053780926012827
2024-10-09,SOLV,69.18000030517578,69.18000030517578,69.26000213623047,67.2699966430664,67.4800033569336,842300.0,68.0579013448675,64.98718338426511,0.7839352959093873,1.3322272728930726,69.22449989318848,72.88115626833554,65.56784351804141,57.369403798132815,52.11040830910958,24.157290202177233,1.8717514157810025,-12136800.0,68.87033503470151,-0.05778808844542437,0,1.025192603196092,1.0295823634974,4.2367118079203525,0.022660176945393573,-0.04175820051700807,0.13324235052140754,-0.015611474794600224
2024-10-10,SOLV,68.0999984741211,68.0999984741211,68.81500244140625,67.875,68.80000305175781,529600.0,68.0631634860242,65.10925456425946,0.7275913093591413,1.2113000801862863,69.19699974060059,72.87871154706004,65.51528793414114,53.10893056819022,39.5175787497983,35.86862971472333,1.8312691935949152,-12666400.0,68.3377189847297,0.0,1,0.9898255153112405,1.0138490230778086,4.2209771907490214,0.012411452676112766,-0.060399985151354585,0.12579965492809908,0.0005873849695098691
2024-10-11,SOLV,68.13999938964844,68.13999938964844,68.8499984741211,67.73999786376953,68.25,1235900.0,68.07276797397722,65.22810730251001,0.6783464777238493,1.104709359693799,69.103999710083,72.79383627396781,65.41416314619819,53.247418911313964,44.2856631265249,45.304550061810914,1.779750009077533,-11430500.0,68.15519885687002,0.8435691836592979,1,0.9983882694453984,1.0163861919893158,4.2215644032755035,0.005887587421610441,-0.026216254208282663,0.07970035418674115,0.018344584842921133
2024-10-14,SOLV,69.38999938964844,69.38999938964844,69.47000122070312,68.0999984741211,68.22000122070312,646800.0,68.23742190093613,65.3913187569076,0.7317490002007645,1.030117287795192,68.98399963378907,72.46691973955544,65.5010795280227,57.474116638745635,82.5090696916765,55.437437189333224,1.7504823474707114,-10783700.0,68.07078315670618,-0.47332447687435575,1,1.0171503686310437,1.0201175150848594,4.239742756115499,0.0457036860512563,-0.010465343107272318,0.0791423885959528,0.004755754920844069
2024-10-15,SOLV,69.72000122070312,69.72000122070312,70.5,69.0199966430664,69.1500015258789,957500.0,68.422744315907,65.56107101038977,0.7915744957844595,0.9824087293930456,68.85349960327149,72.00497623457592,65.70202297196705,58.53977566028288,82.78147926084115,69.85873735968084,1.731162419575203,-9826200.0,68.11066054655184,3.5958366407267266,1,1.008242945513326,1.0214431096626584,4.24448723816047,0.03785624112418695,-0.0045792823286729956,0.08826391020607716,0.024383203076269868
2024-10-16,SOLV,71.41999816894531,71.41999816894531,71.5999984741211,69.69999694824219,69.75,774700.0,68.79740104753678,65.79083285974488,0.9650378230014525,0.978934548114727,68.81799964904785,71.83413286525308,65.80186643284262,63.600133088709555,96.80283493803655,87.36446129685139,1.7432223557397533,-9051500.0,68.23329994278124,5.6040234650989875,1,1.023942626078069,1.027259707447187,4.26857791652846,0.031866108608107346,0.03128806068614054,0.09249975990552883,0.01386174066851957
2024-10-17,SOLV,72.41000366210938,72.41000366210938,72.72000122070312,71.13999938964844,71.5,1252200.0,69.24897637435835,66.05040818532781,1.1689193543440695,1.0169315093605955,68.82150001525879,71.85409247029922,65.78890756021836,66.18829124278963,95.40744357638889,91.6639192584222,1.731563746833677,-7799300.0,68.63321987755997,7.6568560248451005,1,1.0127273239455856,1.0222097532275858,4.282344461975364,0.061367271226342446,0.061367271226342446,0.09876878928567034,0.017538966701240048
2024-10-18,SOLV,73.68000030517578,73.68000030517578,73.80000305175781,72.35800170898438,72.79000091552734,831700.0,69.80285436571053,66.34960787630224,1.4166448520868187,1.0968741779058402,69.00800018310547,72.68547101178855,65.33052935442238,69.21252108688238,98.46739823091629,96.89255891511391,1.7108807179722316,-6967600.0,68.90320189056158,8.768825846956863,0,1.0122269457130695,1.019928705999552,4.299731396088959,0.07816699281345585,0.08656730304131521,0.10705097924505846,-0.007871903211894318
2024-10-21,SOLV,73.0999984741211,73.0999984741211,73.87000274658203,72.22100067138672,73.5,834900.0,70.21499737926185,66.6143290762167,1.548319727304417,1.1871632877855556,69.15699996948243,73.22351789185198,65.09048204711287,66.29611992987864,90.25311235778183,94.70931805502899,1.7064608149167373,-7802500.0,69.254059160254,10.273038866407106,0,0.9945578023689945,1.0228327226134466,4.291828345881876,0.052085589766377005,0.04734110772140543,0.08668808372330528,-0.006703117291349884
2024-10-22,SOLV,72.61000061035156,72.61000061035156,73.12999725341797,72.20999908447266,73.0,745700.0,70.51437278314806,66.84945345010435,1.594750985395791,1.2686808273076027,69.28549995422364,73.6097598423044,64.96124006614288,63.84839786664284,84.05060895111298,90.92370651327036,1.650284911633064,-8548200.0,69.57202821086335,8.163270640763471,0,0.9946575426075557,1.0127405924471635,4.285102661798044,0.040615423637573755,0.07594237980177887,0.06046112095257605,-0.0015149512384920762
2024-10-23,SOLV,72.5,72.5,72.69000244140625,71.33200073242188,72.37000274658203,701300.0,70.76257618525456,67.07104351088458,1.6041799738393792,1.335780656613958,69.44949989318847,73.99453935965992,64.90446042671702,63.28352560511747,82.6581964307961,85.65397257989696,1.6294075400153005,-9249500.0,69.85981269103978,4.79907441482886,1,1.001796286423716,1.0190377627858562,4.283586561860629,0.015008645332168946,0.06953493088566987,0.04355555974859371,0.009655130320581896
2024-10-24,SOLV,73.19999694824219,73.19999694824219,76.05000305175781,72.39399719238281,72.52999877929688,2120300.0,71.06725378062801,67.31139462607507,1.649126317079876,1.3984497887071416,69.70449981689453,74.48428001303358,64.92471962075547,65.38238398795113,71.72613506145143,79.47831348112015,1.7741645628267075,-7129200.0,70.60746978815037,7.4889847112979915,0,1.0092375317830085,1.0505015056657168,4.293195379276584,0.010850917301220342,0.08462964120367555,0.06417422483567226,-0.00013653698432534574
2024-10-25,SOLV,73.19000244140625,73.19000244140625,73.94000244140625,72.8499984741211,73.1500015258789,713500.0,71.33259736322529,67.54192826589198,1.664749943665086,1.4517098196987306,69.98549995422363,74.88947609298688,65.08152381546037,65.32496556509881,69.3953960753322,74.59324252252657,1.725295948859454,-7842700.0,71.13066894544791,7.411216755198547,1,1.0005468341037995,1.0149623059727635,4.293058832970236,-0.006672563118723218,0.07738201711634307,0.044563590920876806,0.0023226965879856063
2024-10-28,SOLV,73.36000061035156,73.36000061035156,73.55000305175781,72.75,73.19000244140625,822800.0,71.58602276911607,67.77008796567472,1.671580274909374,1.4956839107408593,70.16749992370606,75.28412371622143,65.05087613119069,65.87393016550774,69.36218134484056,70.16123749387471,1.6592035990664795,-7019900.0,71.55004157774096,5.721287297338365,0,1.0023226965879857,1.0109966055224442,4.29537883626816,0.0035504903862841886,0.10133976620391749,0.021633632926914892,-0.00013634318630386413
2024-10-29,SOLV,73.3499984741211,73.3499984741211,73.87000274658203,72.54000091552734,72.7699966430664,683100.0,71.8065197322417,67.98890798561379,1.6570844349609075,1.527964015584869,70.46999969482422,75.58810152368426,65.35189786596419,65.80791575028951,67.50899046923043,68.75552262980105,1.6356891870656372,-7703000.0,71.835925497013,5.206536416898474,1,1.0079703429684017,1.0183347368936964,4.295242483786279,0.010139821988234488,0.0886114867499952,0.014003477609803028,0.002999335041305345
2024-10-30,SOLV,73.56999969482422,73.56999969482422,74.12000274658203,72.9800033569336,73.26000213623047,601200.0,72.02695472756452,68.20777432715145,1.6443930972230447,1.5512498319125043,70.76699981689453,75.88080537314153,65.65319426064752,66.60074380422266,70.15641626170918,69.00919602526005,1.6002827729644087,-7101800.0,72.06241102523293,3.010363457015272,0,1.0042314707828877,1.01562070892314,4.2982373297960725,0.014650767935443731,0.061525521875720024,0.019767321358711953,-0.01345654299138429
2024-10-31,SOLV,72.58000183105469,72.58000183105469,73.87999725341797,72.58000183105469,73.33000183105469,801300.0,72.09608561550078,68.37923422926531,1.5367360304072406,1.5483470716114518,71.03299980163574,75.93866713787112,66.12733246540036,59.872876625939035,56.35221103564893,64.67253925552951,1.5788336764928996,-7903100.0,72.50142553388581,0.234771661852945,0,0.9897722626309498,1.0179112068003153,4.284689427013013,-0.008505952263571537,0.06371223626399125,0.003312251112636666,-0.0016533858301817494
2024-11-01,SOLV,72.45999908447266,72.45999908447266,73.81999969482422,72.36000061035156,73.0,689800.0,72.14157479912227,68.53926422358717,1.425303795648631,1.5237384164188876,71.2689998626709,75.96807221119434,66.56992751414745,59.09361994152512,48.93313378993898,58.48058702909902,1.5703454913485966,-8592900.0,72.70369901825057,-1.6558105532708904,0,0.9926027271845569,1.0201768804886355,4.283034672831997,-0.010024160138239147,0.061470269556493484,0.03525401534821082,-0.004002220800324128
2024-11-04,SOLV,72.16999816894531,72.16999816894531,73.7300033569336,72.01000213623047,72.5,781300.0,72.14512772035015,68.68164594693455,1.2986225837512677,1.4787152498853637,71.5629997253418,75.67879985971499,67.44719959096861,57.157567935341945,38.897619631194225,48.0609881522607,1.5810351863024914,-9374200.0,72.92864905272563,-1.2722302661949034,1,0.9954482506061423,1.0238855876916817,4.279024421712771,-0.016354414555388885,0.03928166559727231,0.02881632248999999,0.013717687658055961
2024-11-05,SOLV,73.16000366210938,73.16000366210938,73.51000213623047,71.00700378417969,71.55999755859375,891800.0,72.27198721307005,68.85726781811788,1.263546601420245,1.43568152019234,71.86450004577637,75.49161778646408,68.23738230508866,61.763120899355776,42.69284534248316,43.507866254538776,1.646889698141655,-8482400.0,73.02782242696169,0.757475619246038,1,1.0223589457532545,1.03525002068329,4.292648873578833,-0.002593610207445529,0.048161635418362714,0.04358235308968972,0.013395238907657633
2024-11-06,SOLV,74.13999938964844,74.13999938964844,75.18000030517578,73.58000183105469,73.58000183105469,1415300.0,72.50548873514235,69.06443376209947,1.299842324566626,1.4085136810671974,72.1125,75.6486333228496,68.57636667715039,65.69448176364924,62.125640699792434,47.90536855782326,1.6735401942077086,-7067100.0,73.26328649999448,2.2620681236530173,1,1.0076107304248176,1.0217450181340688,4.305955189490167,0.007717859694094109,0.03737727296170679,0.06866533364784733,0.012543840205448256
2024-11-07,SOLV,75.06999969482422,75.06999969482422,75.41999816894531,72.88899993896484,74.02999877929688,1598700.0,72.82605260510259,69.29994615161809,1.387654185284319,1.4043417819106219,72.46100006103515,75.70873109927439,69.21326902279591,68.95642088228102,80.56705335584482,61.795179799373464,1.7347871967629058,-5468400.0,73.40501504605871,2.554648667409456,0,1.0140483713720956,1.0347240081781868,4.318421007519695,0.033731580506682235,0.03607654554433104,0.09744381677067349,-0.035167169313715274
2024-11-08,SOLV,72.43000030517578,72.43000030517578,77.16999816894531,72.0199966430664,76.5999984741211,2159000.0,72.77654606761173,69.42269337332624,1.2300406868400842,1.3694815628965145,72.67550010681153,75.25032022766231,70.10067998596074,53.42636794224038,23.08936909813864,55.260687717925286,1.9787310774140487,-7627400.0,73.49303393242377,-1.038396107226399,0,0.9455613805220359,1.0715079389881466,4.282620582420624,-0.00041409041137274727,-0.017110813668335112,0.0694564893729801,-0.012425811432926268
2024-11-11,SOLV,71.52999877929688,71.52999877929688,73.19999694824219,71.04000091552734,72.22000122070312,1065900.0,72.62072765657237,69.50533280101136,1.020741776457939,1.2997336056087994,72.78250007629394,74.94754842370628,70.6174517288816,49.3462173339978,8.486053409524187,37.38082528783587,1.9916785742212484,-8693300.0,73.42361066407318,-2.494549912526122,0,0.9904458262289748,1.0304053491677634,4.2701169250546815,-0.008907496658089542,-0.02171142082719424,0.02562968689421119,-0.01160354879378129
2024-11-12,SOLV,70.69999694824219,70.69999694824219,72.25,69.62000274658203,71.41999816894531,1290100.0,72.3806363180311,69.55218237541257,0.7789177914708887,1.1955704427812173,72.8314998626709,74.7470714321882,70.91592829315358,45.86729926778465,14.304567635381414,15.293330047681403,2.037272765592443,-9983400.0,73.26784452687879,-3.6128174246845606,0,0.9899187729044749,1.0377764600640882,4.258445529737635,-0.03420334384119794,-0.026657132060408983,0.049285247741369886,-0.009335163524802008
2024-11-13,SOLV,70.04000091552734,70.04000091552734,71.05999755859375,69.68000030517578,70.2300033569336,917300.0,72.08805689271813,69.5713125142406,0.5279287431707758,1.062042102859129,72.7625,74.95576158536808,70.56923841463193,43.25584688926448,5.562893027739687,9.45117135754842,1.9903245147228377,-10900700.0,72.98651638905483,-4.7981497810787905,0,0.9972945688121273,1.0198047825398109,4.249066520489143,-0.056888669001023295,-0.034520041371485455,0.03501488951418441,-0.030553960046765444
2024-11-14,SOLV,67.9000015258789,67.9000015258789,70.30999755859375,67.8499984741211,69.37999725341797,1063000.0,71.56454997186323,69.50577090685387,0.15455641791331232,0.8805449658699657,72.53699989318848,75.58838035745116,69.4856194289258,36.08235206616135,0.5365134484455109,6.801324703855527,2.023872698276396,-11963700.0,72.66085713696512,-6.448057573861011,0,0.9786682648295125,1.0362564353691317,4.218036057037094,-0.1003849504826011,-0.0751593222394904,0.009470318964185154,-0.006185539904373013
2024-11-15,SOLV,67.4800033569336,67.4800033569336,68.33000183105469,67.0,67.73999786376953,1146300.0,71.05398164499702,69.42632904215111,-0.1732372112830518,0.6697885304393623,72.22700004577636,75.93912557184358,68.51487451970915,34.860447307313876,4.719797869770638,3.6064014486519356,1.9743104934748457,-13110000.0,72.24656556673767,-6.872751573917999,0,0.9961618760697512,1.019850773597831,4.2118313074248555,-0.07078927499576881,-0.08122752554538071,-0.0038455084290376362,-0.00533492282813546
2024-11-18,SOLV,67.12000274658203,67.12000274658203,67.43000030517578,65.94999694824219,67.19000244140625,939200.0,70.56223428269514,69.33588487369742,-0.4567993659090064,0.44447095116968854,71.92800025939941,76.22755040608719,67.62845011271163,33.803756322358325,10.42785803071885,5.228056449644991,1.9425744874188857,-14049200.0,71.87080019510225,-6.997361161824569,0,0.9989581828801798,1.0224412953058224,4.206482103079421,-0.06363482197526071,-0.08889673318873914,0.01244303301517835,-0.0010429036346811438
2024-11-19,SOLV,67.05000305175781,67.05000305175781,67.4800033569336,66.51000213623047,66.6500015258789,711400.0,70.12320537882798,69.24624244930764,-0.6793417776286077,0.2197084054100293,71.65000038146972,76.42942944686855,66.8705713160709,33.590545279843994,9.80397490051869,8.317210267002716,1.87310496836776,-14760600.0,71.58191665079387,-8.351558644762644,1,1.0060015231316026,1.014584290926894,4.205438655242345,-0.05300687449529029,-0.08980382854393376,-0.0011923417939385672,0.019985030229696537
2024-11-20,SOLV,68.38999938964844,68.38999938964844,68.68000030517578,66.6500015258789,66.83999633789062,953200.0,69.90655463018054,69.21266429010532,-0.7390622866070657,0.027954267006610304,71.44450035095215,76.40988478360619,66.47911591829812,41.2320271937117,21.74689996382498,13.992910965020831,1.8843116691484112,-13807400.0,71.28424970487244,-7.755597582056124,1,1.0231897536906227,1.0304575953911819,4.225226606185432,-0.023839914303711573,-0.07301072361064076,-0.011485201734920736,0.01813127467226178
2024-11-21,SOLV,69.62999725341797,69.62999725341797,69.93000030517578,68.19000244140625,68.19000244140625,799500.0,69.87198495808522,69.2290302886666,-0.6785122884221693,-0.11333904407914562,71.26600036621093,76.22278604075903,66.30921469166283,47.27769241679318,32.79857312658266,21.449815996975435,1.874003540192777,-13007900.0,71.11090041347373,-7.246573149754944,1,1.0211173890666607,1.0255169057262414,4.243195469509072,0.025159412471977838,-0.041493957503941026,0.022218278760050225,0.01694672341980967
2024-11-22,SOLV,70.80999755859375,70.80999755859375,70.94000244140625,69.61000061035156,69.79000091552734,700100.0,69.98923653314878,69.29102900513433,-0.5292094189080387,-0.19651311904492424,71.14700012207031,76.02699099358051,66.26700925056011,52.3059074345323,43.31550874864344,32.620327279683686,1.8351462752543422,-12307800.0,71.00531829002155,-2.236646057926728,1,1.0146152261023895,1.0191064763596183,4.260000199185413,0.048168891760557386,-0.023034473646584175,0.03843579590990931,0.01129788277560421
2024-11-25,SOLV,71.61000061035156,71.61000061035156,72.0999984741211,70.4800033569336,70.62999725341797,1622800.0,70.19183204279913,69.38196906808403,-0.3423854524088057,-0.22568758571770053,71.05950012207032,75.83936262681101,66.27963761732963,55.41077821619754,50.44565994935497,42.18658060819368,1.8197783353924248,-10685000.0,70.95950557522434,0.11184374726683574,0,1.0138751719530354,1.0229851736666826,4.271234737542121,0.06475263446270052,-0.0077896841706497355,0.03149198142662257,-0.0016757819516717654
2024-11-26,SOLV,71.48999786376953,71.48999786376953,71.98999786376953,70.56999969482422,71.61000061035156,676300.0,70.35410277042044,69.46463686399326,-0.2016844390394823,-0.2208869563820569,70.96650009155273,75.63557694490319,66.29742323820227,54.83412583415723,49.37611686979984,47.7124285225994,1.791222609217631,-11361300.0,70.67415307236554,1.117398797210253,1,0.9983242180483283,1.0201218389554487,4.269557549897232,0.06411889465488674,-0.023091323681601494,0.02507031173676122,0.01384816789406827
2024-11-27,SOLV,72.4800033569336,72.4800033569336,72.80500030517578,71.3499984741211,71.81999969482422,702900.0,70.61984034373458,69.58288653038308,-0.01017540701295161,-0.17874464650823585,70.9120002746582,75.48265604077575,66.34134450854064,58.656701294916864,58.19969428026666,52.673823699807144,1.7672068393488494,-10658400.0,70.33705531646038,3.483727026715843,0,1.0091896917977423,1.020392457773947,4.283310708050032,0.058084101864600335,-0.022644481440134534,0.014732791521572253,-0.013383018429597418
2024-11-29,SOLV,71.51000213623047,71.51000213623047,72.79000091552734,71.05999755859375,72.63999938964844,577000.0,70.73111056779656,69.6584596913967,0.06260422619405404,-0.13047487196777788,70.85850028991699,75.37452957965094,66.34247100018304,53.84793104125479,76.68972673087285,61.42184596031311,1.7645494477477597,-11235400.0,69.82065616279753,5.316642900185611,1,0.9844438702792858,1.0243456714941073,4.269837329933475,0.02664186042440342,-0.04858367758621984,-0.012507132041888802,0.006712287976507739
2024-12-02,SOLV,71.98999786376953,71.98999786376953,72.37999725341797,71.11000061035156,71.5,984400.0,70.88847147979318,69.74989256090151,0.15720212533436495,-0.07293947250734932,70.83500022888184,75.3222498551445,66.34775060261917,55.77983923400338,88.1108381867982,74.3334197326459,1.7292242474133772,-10251000.0,69.80028492686803,6.683453293534155,0,1.0068531169757977,1.0178596066961858,4.276527190807222,0.016526991621809373,-0.006093391613402055,-0.023204205281737167,-0.01694681562585677
2024-12-03,SOLV,70.7699966430664,70.7699966430664,71.93000030517578,69.87999725341797,71.77999877929688,1254600.0,70.87366212520233,69.78989664255504,0.1322037765667261,-0.03191082269253424,70.76500015258789,75.21024596794038,66.3197543372354,50.04568317455034,70.31360079421346,78.37138857062816,1.756422559051819,-11505600.0,69.79773113736829,5.43801213814796,0,0.9859291981971755,1.029336049403716,4.259435134653277,-0.011799602888844518,-0.010681790401404712,-0.03239321122859895,-0.007206366130100749
2024-12-04,SOLV,70.26000213623047,70.26000213623047,71.18000030517578,68.9000015258789,69.9800033569336,885000.0,70.79695462658084,69.80833215211094,0.07042825745341474,-0.01144300666334444,70.62000007629395,74.93044164388174,66.30955850870616,47.83207189129174,62.87385962588717,73.76609953563293,1.7938208604978942,-12390600.0,69.78661150948322,4.787470452454366,0,1.0040011255482333,1.0330914184151434,4.252202677242327,-0.017354872654904874,-0.006242852495308426,-0.03289998455571741,-0.009820700546925281
2024-12-05,SOLV,69.56999969482422,69.56999969482422,70.73500061035156,69.25,69.87000274658203,845200.0,70.64358526011127,69.79898578123695,-0.03381689680684019,-0.01591778469204359,70.39150009155273,74.40565986197738,66.37734032112807,44.936065011379895,52.80818342591366,61.998547948671415,1.7717622712017278,-13235800.0,69.88226993296014,1.725398911692909,1,0.9957062682128993,1.0214440521350405,4.242333435548949,-0.04097727250108285,-0.0067330849401940895,-0.041253126311679544,0.005605855848199065
2024-12-06,SOLV,69.95999908447266,69.95999908447266,71.04000091552734,69.45899963378906,69.51000213623047,1049500.0,70.55813698815643,69.80530002842266,-0.08399401055096689,-0.029533029863828254,70.13600006103516,73.52892277108583,66.74307735098449,46.89323360469512,58.497449635447566,58.05983089574946,1.758136486240053,-12186300.0,70.110319008951,0.47393629767591083,1,1.0064738445462893,1.022761647735698,4.247923637063961,-0.02191369286951428,0.029887580026866978,-0.04527174221262342,0.00957687503878221
2024-12-09,SOLV,70.62999725341797,70.62999725341797,71.38999938964844,69.76000213623047,69.91999816894531,662200.0,70.56711952131413,69.83764109606955,-0.06890221997250023,-0.037406867885562654,70.04599990844727,73.28264070218808,66.80935911470647,50.17000546624247,65.44871033501475,58.91811446545864,1.7489836838956185,-11524100.0,70.383787249121,-0.2542018237281181,0,1.0101544494145596,1.0233657856006775,4.257454944533926,-0.0190722462732964,0.04562363710907036,-0.03560388843631035,-0.012883987938578133
2024-12-10,SOLV,69.72000122070312,69.72000122070312,70.9800033569336,68.76000213623047,70.9800033569336,767200.0,70.46122973373775,69.8330277676238,-0.1288852331549748,-0.055702540939445086,69.95550003051758,73.12155233823954,66.78944772279563,46.01697620453247,49.87815278128982,57.94143758391737,1.7826277936675832,-12291300.0,70.54125670230889,-2.6392953128605745,1,0.9822484914533695,1.0322862296645186,4.24448723816047,-0.014947896492806478,0.038005135081049524,-0.05089159810768962,0.01104412836467017
2024-12-11,SOLV,70.48999786376953,70.48999786376953,70.88999938964844,69.4000015258789,70.0,588700.0,70.46482574999172,69.85879130080599,-0.11298746018262307,-0.06715952478808068,69.94500007629395,73.10248779182456,66.78751236076334,49.8033995136244,49.83741033597455,55.05475781742637,1.7617256558177223,-11702600.0,70.7348710092178,-1.3987970763484814,0,1.0069999694824219,1.0214697093805383,4.2554708254803435,0.003268148238016799,0.05003217023799866,-0.0397716583059351,-0.0068094161169746726
2024-12-12,SOLV,70.01000213623047,70.01000213623047,70.7300033569336,69.69100189208984,70.3499984741211,620100.0,70.40797279827156,69.86472113748931,-0.13753459113124222,-0.08123453805671299,69.9435001373291,73.10083440790092,66.78616586675727,47.56374404845768,30.902362567099093,43.539308561454476,1.7101024993195815,-12322700.0,70.80361682738014,-3.407838170949587,0,0.9951670739834387,1.0149086888785521,4.248638119502325,0.0063046839533758,0.023411513316893284,-0.049599210293747475,-0.006427718381740193
2024-12-13,SOLV,69.55999755859375,69.55999755859375,70.0,68.80000305175781,70.0,637700.0,70.30197589331183,69.8527711932189,-0.19109712908044685,-0.10320705626145976,70.02649993896485,73.04898920419319,67.0040106737365,45.49798969160676,19.777398875111754,33.50572392606179,1.6743808268305156,-12960400.0,70.751750306471,-2.7268976638007274,0,0.9937142508370536,1.0174418153345057,4.242189654388235,-0.0057339826757258905,-0.0010058151208367505,-0.042499772624777776,-0.004169075987719263
2024-12-16,SOLV,69.2699966430664,69.2699966430664,70.33999633789062,68.95500183105469,69.26000213623047,755600.0,70.17297848703116,69.82991728929136,-0.2540183115718406,-0.13336930732353594,70.11599960327149,72.93041447632385,67.30158473021913,44.166723368638166,12.60802812597843,21.095929856063083,1.6537103754023315,-13716000.0,70.5722162085933,-3.7783043497936015,0,1.000144304165863,1.0200854828519805,4.238011863572933,-0.019443080960992454,-0.02198833561247948,-0.045022809259063656,-0.009672270844730525
2024-12-17,SOLV,68.5999984741211,68.5999984741211,70.0,68.0,69.08000183105469,756900.0,69.9763559854174,69.78168517889253,-0.3538678861282847,-0.1774690230844857,70.18999938964843,72.7519282832326,67.62807049606427,41.16957622671883,12.486960166782842,14.957462389290997,1.6784453485878792,-14472900.0,70.40833553939154,-3.0662685769081706,0,0.993051486042118,1.0294117647058822,4.228292512488706,-0.016194725671764054,-0.04294222505341505,-0.050731909224064786,-0.024927100911201074
2024-12-18,SOLV,66.88999938964844,66.88999938964844,68.9000015258789,66.58000183105469,68.44999694824219,595900.0,69.59056141094628,69.66828573617708,-0.5644751106973587,-0.2548702406070603,70.18199920654297,72.78378863762097,67.58020977546497,34.69782165101495,4.991909892045895,10.02896606160238,1.7242706590333319,-15068800.0,70.1327015789567,-4.796474016678468,0,0.9772096767254302,1.0348452933466594,4.203049470005611,-0.052421355474732145,-0.06650807989162022,-0.08959940357322171,-0.0013454378638333847
2024-12-19,SOLV,66.80000305175781,66.80000305175781,67.76000213623047,66.20999908447266,67.08999633789062,1141900.0,69.24174161604772,69.55580406227828,-0.7302272012234141,-0.3499416327303311,70.10249938964844,72.99893759709745,67.20606118219943,34.39140720792733,9.562465840828773,9.013778633219161,1.7118229727993661,-16210700.0,69.73260162603933,-3.9815964571184046,1,0.9956775480405112,1.0234104073884713,4.201703126227597,-0.0469349932747285,-0.08160758182243555,-0.10425206326257008,0.00044908350189192984
2024-12-20,SOLV,66.83000183105469,66.83000183105469,67.5,66.28500366210938,66.58000183105469,1798700.0,68.94027414292358,69.44890985713226,-0.8493752076890928,-0.44982834772208347,69.96249961853027,73.1886662209192,66.73633301614134,34.59873456047154,10.839206543138081,8.464527425337574,1.6763353560201704,-14412000.0,69.14944441182139,-4.473981266978975,0,1.0037548812424844,1.0183298826395804,4.202152108921672,-0.04003754546656335,-0.06768522101180352,-0.11626889859802336,
